{"name":"Tasks","targetUrl":"https://tasks.google.com/embed/?origin=https://calendar.google.com&fullWidth=1","counter":false,"bounce":false,"width":1280,"height":800,"showMenuBar":false,"fastQuit":false,"userAgent":"Mozilla/5.0 (Macintosh; Intel Mac OS X 10_12_5) AppleWebKit/537.36 (KHTML, like Gecko) Chrome/66.0.3359.181 Safari/537.36","nativefierVersion":"7.6.12","ignoreCertificate":false,"disableGpu":false,"ignoreGpuBlacklist":false,"enableEs3Apis":false,"insecure":false,"flashPluginDir":null,"diskCacheSize":null,"fullScreen":false,"maximize":false,"zoom":1,"internalUrls":null,"singleInstance":false,"clearCache":false,"win32metadata":{"ProductName":"Tasks","InternalName":"Tasks","FileDescription":"Tasks"},"tray":false,"basicAuthUsername":null,"basicAuthPassword":null,"alwaysOnTop":false,"titleBarStyle":null,"globalShortcuts":null}